,loss,accuracy,val_loss,val_accuracy,alpha,beta
0,0.41543927788734436,0.8184296488761902,0.41140058636665344,0.8357843160629272,1.0,0.0
