,loss,accuracy,val_loss,val_accuracy,alpha,beta
0,0.543392539024353,0.7314612865447998,0.5481749176979065,0.7303921580314636,1.0,0.0
