nickname,accuracy,avg inference time (ms),size (mb),alloc_time (ms),total_inference_time (s),load_time (ms),num_samples,file_name
2_H-128_A-2_fp32,0.7375,3.086809515953064,17.71538543701172,27.843236923217773,1.2347238063812256,0.5309581756591797,400,mrpc_uncased_L-2_H-128_A-2_fp32.tflite
4_H-512_A-8_fp32,0.7875,91.17725193500519,143.1705551147461,80.42383193969727,36.470900774002075,2.1331310272216797,400,mrpc_uncased_L-4_H-512_A-8_fp32.tflite
12_H-768_A-12_fp32,0.8625,614.3155610561371,637.7897796630859,546.2751388549805,245.72622442245483,20.149707794189453,400,mrpc_uncased_L-12_H-768_A-12_fp32.tflite
8_H-512_A-8_fp32,0.83,182.6052361726761,223.45049285888672,96.74835205078125,73.04209446907043,46.83351516723633,400,mrpc_uncased_L-8_H-512_A-8_fp32.tflite
4_H-256_A-4_fp32,0.7625,21.935036778450012,50.857383728027344,12.84480094909668,8.774014711380005,16.60466194152832,400,mrpc_uncased_L-4_H-256_A-4_fp32.tflite
