nickname,accuracy,avg inference time (ms),size (mb),alloc_time (ms),total_inference_time (s),load_time (ms),num_samples,file_name
mrpc_uncased_L-2_H-128_A-2_fp32,0.7375,3.0861830711364746,17.71538543701172,29.09374237060547,1.2344732284545898,0.5242824554443359,400,mrpc_uncased_L-2_H-128_A-2_fp32.tflite
mrpc_uncased_L-4_H-512_A-8_fp32,0.7875,54.96172606945038,143.1705551147461,78.9642333984375,21.98469042778015,2.2308826446533203,400,mrpc_uncased_L-4_H-512_A-8_fp32.tflite
mrpc_uncased_L-12_H-768_A-12_fp32,0.8625,363.6188542842865,637.7897796630859,528.3510684967041,145.4475417137146,14.490842819213867,400,mrpc_uncased_L-12_H-768_A-12_fp32.tflite
mrpc_uncased_L-8_H-512_A-8_fp32,0.83,109.67221558094025,223.45049285888672,94.8340892791748,43.8688862323761,25.774002075195312,400,mrpc_uncased_L-8_H-512_A-8_fp32.tflite
mrpc_uncased_L-4_H-256_A-4_fp32,0.7625,15.579627752304077,50.857383728027344,12.745380401611328,6.231851100921631,9.626150131225586,400,mrpc_uncased_L-4_H-256_A-4_fp32.tflite
