nickname,accuracy,avg inference time (ms),size (mb),alloc_time (ms),total_inference_time (s),load_time (ms),num_samples,file_name
2_H-128_A-2_fp32,0.7375,3.0584025382995605,17.71538543701172,30.539274215698242,1.2233610153198242,0.5085468292236328,400,mrpc_uncased_L-2_H-128_A-2_fp32.tflite
4_H-512_A-8_fp32,0.7875,39.59709942340851,143.1705551147461,79.62250709533691,15.838839769363403,2.1736621856689453,400,mrpc_uncased_L-4_H-512_A-8_fp32.tflite
12_H-768_A-12_fp32,0.8625,280.3388184309006,637.7897796630859,530.6880474090576,112.13552737236023,14.253854751586914,400,mrpc_uncased_L-12_H-768_A-12_fp32.tflite
8_H-512_A-8_fp32,0.83,78.73686015605927,223.45049285888672,97.15151786804199,31.494744062423706,25.810718536376953,400,mrpc_uncased_L-8_H-512_A-8_fp32.tflite
4_H-256_A-4_fp32,0.7625,16.088145971298218,50.857383728027344,12.97760009765625,6.435258388519287,9.35673713684082,400,mrpc_uncased_L-4_H-256_A-4_fp32.tflite
